{
  "C": 2.887051950714916,
  "fit_intercept": 0.0,
  "max_iter": 264.0,
  "solver": 0.0,
  "tol": 8.569790639357531e-05,
  "warm_start": 0.0
}